<!-- Generate a simulated compartmental population size history using
     an implementation of the SIR epidemiological model. -->

<beast version='2.0' namespace='master.beast:beast.core.parameter'>
  <run spec='Trajectory'
       simulationTime='50'>

    <model spec='Model' id='model'>
      <population spec='Population' id='S' populationName='S'/>
      <population spec='Population' id='I' populationName='I'/>
      <population spec='Population' id='R' populationName='R'/>
      
      <reaction spec='Reaction' reactionName="Infection" rate="0.001">
	S + I -> 2I
      </reaction>
      <reaction spec='Reaction' reactionName="Recovery" rate="0.2">
	I -> R
      </reaction>
    </model>
    
    <initialState spec='InitState'>
      <populationSize spec='PopulationSize' population='@S' size='999'/>
      <populationSize spec='PopulationSize' population='@I' size='1'/>
    </initialState>
    
    <output spec='JsonOutput' fileName='SIR_output.json'/>
  </run>
</beast>
