<!-- Generate a simulated compartmental population size history using
     an implementation of the SIS epidemiological model. -->

<beast version='2.0' namespace='master.beast:beast.core.parameter'>
    <run spec='Trajectory'
         simulationTime='5'>

        <model spec='Model' id='model'>
            <population spec='Population' id='S' populationName='S'/>
            <population spec='Population' id='I' populationName='I'/>
            <reaction spec='Reaction' reactionName="Infection" rate="0.005">
                S + I -> 2I
            </reaction>
            <reaction spec='Reaction' reactionName="Recovery" rate="0.5">
                I -> S
            </reaction>
        </model>

        <initialState spec='InitState'>
            <populationSize spec='PopulationSize' population='@S' size='999'/>
            <populationSize spec='PopulationSize' population='@I' size='1'/>
        </initialState>

        <output spec='JsonOutput' fileName='SIS_output.json'/>
    </run>
</beast>
