<!-- Generate a structured coalescent tree from a given number of taxa. -->

<beast version='2.0' namespace='master.beast:beast.core.parameter'>
    <run spec='InheritanceTrajectory'
         verbosity='2'>
        
        <model spec='InheritanceModel'>
            <populationType spec='PopulationType' typeName='L' id='L' dim="2"/>

            <reactionGroup spec='InheritanceReactionGroup' reactionGroupName='Coalescence'>
	      <reaction spec='InheritanceReaction' rate="1.0">
                2L[0]:1 -> L[0]:1
	      </reaction>
	      <reaction spec='InheritanceReaction' rate="1.0">
                2L[1]:1 -> L[1]:1
	      </reaction>
            </reactionGroup>

            <reactionGroup spec='InheritanceReactionGroup' reactionGroupName='Migration'>
	      <reaction spec='InheritanceReaction' rate="1.0">
                L[0] -> L[1]
	      </reaction>
	      <reaction spec='InheritanceReaction' rate="1.0">
                L[1] -> L[0]
	      </reaction>
            </reactionGroup>

        </model>

        <initialState spec='InitState'>
	  <lineageSeedMultiple spec='MultipleIndividuals' copies="20" time="0.0">
	    <population spec='Population' type='@L' location="1"/>
	  </lineageSeedMultiple>
	  <lineageSeedMultiple spec='MultipleIndividuals' copies="20" time="0.2">
	    <population spec='Population' type='@L' location="0"/>
	  </lineageSeedMultiple>
        </initialState>
        
        <lineageEndCondition spec='LineageEndCondition' nLineages="1"/>
                
        <output spec='NexusOutput' fileName='StructuredCoalescentTree_output.nexus' reverseTime="true"/>
    </run>
</beast>
